{"cameraMode":{"drawMode":0,"name":"Shaded","section":"Shading Mode"},"sceneLighting":true,"audioPlay":false,"sceneViewState":{"showFog":true,"showMaterialUpdate":false,"showSkybox":true,"showFlares":false,"showImageEffects":true,"showParticleSystems":true},"in2DMode":false,"pivot":{"x":0.4623470604419708,"y":-0.7081612348556519,"z":3.3250443935394289},"rotation":{"x":-0.09135117381811142,"y":-0.0844443216919899,"z":0.00777452252805233,"w":-0.9922041296958923},"size":2.3693532943725588,"orthographic":false}