{"cameraMode":{"drawMode":0,"name":"Shaded","section":"Shading Mode"},"sceneLighting":true,"audioPlay":false,"sceneViewState":{"showFog":true,"showMaterialUpdate":false,"showSkybox":true,"showFlares":false,"showImageEffects":true,"showParticleSystems":true},"in2DMode":false,"pivot":{"x":-0.8239893317222595,"y":-0.6863616704940796,"z":3.210538864135742},"rotation":{"x":-0.09437606483697891,"y":0.07816354185342789,"z":-0.0074331327341496948,"w":-0.9924382567405701},"size":2.3693532943725588,"orthographic":false}