{"cameraMode":{"drawMode":0,"name":"Shaded","section":"Shading Mode"},"sceneLighting":true,"audioPlay":false,"sceneViewState":{"showFog":true,"showMaterialUpdate":false,"showSkybox":true,"showFlares":false,"showImageEffects":true,"showParticleSystems":true},"in2DMode":false,"pivot":{"x":0.046045154333114627,"y":-0.4303942322731018,"z":2.558420181274414},"rotation":{"x":-0.08869148045778275,"y":-0.006875846069306135,"z":0.0006121952319517732,"w":-0.996038019657135},"size":1.7693533897399903,"orthographic":false}