{"cameraMode":{"drawMode":3,"name":"Shadow Cascades","section":"Miscellaneous"},"sceneLighting":true,"audioPlay":false,"sceneViewState":{"showFog":true,"showMaterialUpdate":false,"showSkybox":true,"showFlares":false,"showImageEffects":true,"showParticleSystems":true},"in2DMode":false,"pivot":{"x":-0.45092716813087466,"y":-0.5873217582702637,"z":-1.125632405281067},"rotation":{"x":-0.03120071440935135,"y":0.9649637937545776,"z":-0.22269491851329804,"w":-0.1351965069770813},"size":1.6350040435791016,"orthographic":false}