{"cameraMode":{"drawMode":0,"name":"Shaded","section":"Shading Mode"},"sceneLighting":true,"audioPlay":false,"sceneViewState":{"showFog":true,"showMaterialUpdate":false,"showSkybox":true,"showFlares":false,"showImageEffects":true,"showParticleSystems":true},"in2DMode":false,"pivot":{"x":-0.009987061843276024,"y":-0.9204508066177368,"z":2.1788814067840578},"rotation":{"x":-0.19406700134277345,"y":0.0064714872278273109,"z":-0.0012801927514374257,"w":-0.9809694290161133},"size":1.7693533897399903,"orthographic":false}