{"cameraMode":{"drawMode":0,"name":"Shaded","section":"Shading Mode"},"sceneLighting":true,"audioPlay":false,"sceneViewState":{"showFog":true,"showMaterialUpdate":false,"showSkybox":true,"showFlares":false,"showImageEffects":true,"showParticleSystems":true},"in2DMode":false,"pivot":{"x":0.09672810882329941,"y":-0.4088437557220459,"z":3.2485365867614748},"rotation":{"x":-0.0677582174539566,"y":-0.000901007850188762,"z":0.00006113500421633944,"w":-0.9977036714553833},"size":2.3693532943725588,"orthographic":false}