{"cameraMode":{"drawMode":0,"name":"Shaded","section":"Shading Mode"},"sceneLighting":true,"audioPlay":false,"sceneViewState":{"showFog":true,"showMaterialUpdate":false,"showSkybox":true,"showFlares":false,"showImageEffects":true,"showParticleSystems":true},"in2DMode":false,"pivot":{"x":0.07865047454833985,"y":-0.08239727467298508,"z":0.8988429307937622},"rotation":{"x":-0.07374267280101776,"y":-0.0023965290747582914,"z":0.0001772139366948977,"w":-0.997277557849884},"size":1.0350041389465333,"orthographic":false}