{"cameraMode":{"drawMode":0,"name":"Shaded","section":"Shading Mode"},"sceneLighting":true,"audioPlay":false,"sceneViewState":{"showFog":true,"showMaterialUpdate":false,"showSkybox":true,"showFlares":true,"showImageEffects":false,"showParticleSystems":false},"in2DMode":false,"pivot":{"x":90.30888366699219,"y":-97.50979614257813,"z":-112.15280151367188},"rotation":{"x":-0.07366421818733216,"y":-0.9264560341835022,"z":0.2671779990196228,"w":-0.25489333271980288},"size":119.56119537353516,"orthographic":false}