{"cameraMode":{"drawMode":0,"name":"Shaded","section":"Shading Mode"},"sceneLighting":false,"audioPlay":false,"sceneViewState":{"showFog":true,"showMaterialUpdate":false,"showSkybox":true,"showFlares":false,"showImageEffects":true,"showParticleSystems":true},"in2DMode":false,"pivot":{"x":0.555068850517273,"y":1.1078720092773438,"z":7.924991130828857},"rotation":{"x":0.00132173637393862,"y":0.9971382021903992,"z":-0.07342192530632019,"w":0.017950432375073434},"size":0.9306465983390808,"orthographic":true}