{"cameraMode":{"drawMode":0,"name":"Shaded","section":"Shading Mode"},"sceneLighting":false,"audioPlay":false,"sceneViewState":{"showFog":false,"showMaterialUpdate":false,"showSkybox":false,"showFlares":false,"showImageEffects":false,"showParticleSystems":false},"in2DMode":false,"pivot":{"x":14.693050384521485,"y":15.866449356079102,"z":-9.999652862548829},"rotation":{"x":0.3334691524505615,"y":-0.4692436158657074,"z":0.1971791833639145,"w":0.7935639023780823},"size":-3.498278856277466,"orthographic":false}