{"cameraMode":{"drawMode":0,"name":"Shaded","section":"Shading Mode"},"sceneLighting":false,"audioPlay":false,"sceneViewState":{"showFog":false,"showMaterialUpdate":false,"showSkybox":false,"showFlares":false,"showImageEffects":false,"showParticleSystems":false},"in2DMode":false,"pivot":{"x":-35.21125793457031,"y":-34.802284240722659,"z":23.79589080810547},"rotation":{"x":0.250236839056015,"y":-0.47012072801589968,"z":0.14095976948738099,"w":0.8345668315887451},"size":49.09391784667969,"orthographic":false}