{"cameraMode":{"drawMode":0,"name":"Shaded","section":"Shading Mode"},"sceneLighting":true,"audioPlay":false,"sceneViewState":{"showFog":true,"showMaterialUpdate":false,"showSkybox":true,"showFlares":false,"showImageEffects":true,"showParticleSystems":true},"in2DMode":false,"pivot":{"x":0.8361896276473999,"y":0.9120309352874756,"z":3.783104419708252},"rotation":{"x":0.09210509061813355,"y":-0.9063052535057068,"z":0.26107990741729739,"w":0.31951379776000979},"size":0.7842617034912109,"orthographic":true}