{"cameraMode":{"drawMode":0,"name":"Shaded","section":"Shading Mode"},"sceneLighting":false,"audioPlay":false,"sceneViewState":{"showFog":true,"showMaterialUpdate":false,"showSkybox":true,"showFlares":true,"showImageEffects":false,"showParticleSystems":false},"in2DMode":false,"pivot":{"x":-20.184310913085939,"y":-152.82022094726563,"z":354.44744873046877},"rotation":{"x":-0.20123662054538728,"y":0.04229319095611572,"z":-0.008875568397343159,"w":-0.9786495566368103},"size":231.72012329101563,"orthographic":false}