{"cameraMode":{"drawMode":0,"name":"Shaded","section":"Shading Mode"},"sceneLighting":true,"audioPlay":false,"sceneViewState":{"showFog":true,"showMaterialUpdate":false,"showSkybox":true,"showFlares":true,"showImageEffects":false,"showParticleSystems":false},"in2DMode":false,"pivot":{"x":54.79901885986328,"y":-160.56396484375,"z":360.98187255859377},"rotation":{"x":-0.20819397270679475,"y":-0.07358478754758835,"z":0.015543805435299874,"w":-0.9752519130706787},"size":210.60128784179688,"orthographic":false}